paradigm,subject,fold,permute_k,split,calib_size,seed,n_val,baseline_auc,status,accepted,adapted_auc,deployed_auc,delta_auc,internal_val_auc,best_epoch
p300,1,version_39,0,stratified,24,42,6,0.6680693314818489,ungateable,,,0.6680693314818489,0.0,,
p300,1,version_39,0,stratified,24,43,6,0.6699836341995635,ungateable,,,0.6699836341995635,0.0,,
p300,1,version_39,0,stratified,24,44,6,0.6689421741717914,ungateable,,,0.6689421741717914,0.0,,
p300,1,version_39,0,stratified,24,45,6,0.6691455068438802,ungateable,,,0.6691455068438802,0.0,,
p300,1,version_39,0,stratified,24,46,6,0.6684859154929578,ungateable,,,0.6684859154929578,0.0,,
p300,1,version_39,0,stratified,48,42,12,0.6677908163265306,ok,0,0.6671224489795918,0.6677908163265306,0.0,0.7999999999999999,0
p300,1,version_39,0,stratified,48,43,12,0.6727780612244898,ok,0,0.6728558673469387,0.6727780612244898,0.0,0.55,0
p300,1,version_39,0,stratified,48,44,12,0.6724183673469388,ok,0,0.6715816326530613,0.6724183673469388,0.0,0.6,0
p300,1,version_39,0,stratified,48,45,12,0.672905612244898,ok,1,0.6694056122448979,0.6694056122448979,-0.0035000000000000586,0.5,9
p300,1,version_39,0,stratified,48,46,12,0.669359693877551,ok,1,0.6644770408163265,0.6644770408163265,-0.0048826530612244845,0.6,7
p300,1,version_39,0,stratified,96,42,24,0.6718858131487889,ok,0,0.6710261678200692,0.6718858131487889,0.0,0.6,0
p300,1,version_39,0,stratified,96,43,24,0.6738348832179931,ok,0,0.6716992863321799,0.6738348832179931,0.0,0.5,2
p300,1,version_39,0,stratified,96,44,24,0.6750054065743945,ok,1,0.668190419550173,0.668190419550173,-0.006814987024221453,0.6125,6
p300,1,version_39,0,stratified,96,45,24,0.669939446366782,ok,1,0.6664035467128028,0.6664035467128028,-0.0035358996539792686,0.9,4
p300,1,version_39,0,stratified,96,46,24,0.6713532655709342,ok,1,0.6549145761245675,0.6549145761245675,-0.016438689446366728,0.7625,17
p300,1,version_39,0,stratified,240,42,60,0.6674037460978147,ok,0,0.6658233610822061,0.6674037460978147,0.0,0.6080000000000001,0
p300,1,version_39,0,stratified,240,43,60,0.6724830905306971,ok,0,0.6706913371488032,0.6724830905306971,0.0,0.57,0
p300,1,version_39,0,stratified,240,44,60,0.6866155046826222,ok,1,0.6267007023933402,0.6267007023933402,-0.05991480228928203,0.744,70
p300,1,version_39,0,stratified,240,45,60,0.665852627471384,ok,0,0.664317767950052,0.665852627471384,0.0,0.558,0
p300,1,version_39,0,stratified,240,46,60,0.6825604838709677,ok,0,0.6812825182101978,0.6825604838709677,0.0,0.76,0
p300,1,version_39,0,stratified,480,42,120,0.6915033284023668,ok,1,0.6795441937869823,0.6795441937869823,-0.011959134615384559,0.6079999999999999,4
p300,1,version_39,0,stratified,480,43,120,0.6855029585798817,ok,1,0.6549787352071006,0.6549787352071006,-0.030524223372781156,0.5980000000000001,25
p300,1,version_39,0,stratified,480,44,120,0.676567122781065,ok,0,0.6725869082840237,0.676567122781065,0.0,0.567,0
p300,1,version_39,0,stratified,480,45,120,0.669743897928994,ok,1,0.6547984467455621,0.6547984467455621,-0.014945451183431935,0.6515,34
p300,1,version_39,0,stratified,480,46,120,0.6755917159763314,ok,1,0.661926775147929,0.661926775147929,-0.013664940828402417,0.593,2
p300,1,version_39,0,temporal_array,24,42,6,0.6653466574092441,ungateable,,,0.6653466574092441,0.0,,
p300,1,version_39,0,temporal_array,24,43,6,0.6653466574092441,ungateable,,,0.6653466574092441,0.0,,
p300,1,version_39,0,temporal_array,24,44,6,0.6653466574092441,ungateable,,,0.6653466574092441,0.0,,
p300,1,version_39,0,temporal_array,24,45,6,0.6653466574092441,ungateable,,,0.6653466574092441,0.0,,
p300,1,version_39,0,temporal_array,24,46,6,0.6653466574092441,ungateable,,,0.6653466574092441,0.0,,
p300,1,version_39,0,temporal_array,48,42,12,0.6590663265306123,ok,0,0.6584808673469388,0.6590663265306123,0.0,0.75,0
p300,1,version_39,0,temporal_array,48,43,12,0.6590663265306123,ok,0,0.6588418367346939,0.6590663265306123,0.0,1.0,0
p300,1,version_39,0,temporal_array,48,44,12,0.6590663265306123,ok,0,0.6583877551020408,0.6590663265306123,0.0,1.0,0
p300,1,version_39,0,temporal_array,48,45,12,0.6590663265306123,ok,0,0.658469387755102,0.6590663265306123,0.0,1.0,0
p300,1,version_39,0,temporal_array,48,46,12,0.6590663265306123,ok,0,0.6590051020408163,0.6590663265306123,0.0,1.0,0
p300,1,version_39,0,temporal_array,96,42,24,0.656531141868512,ok,0,0.6542982266435986,0.656531141868512,0.0,0.5125,2
p300,1,version_39,0,temporal_array,96,43,24,0.656531141868512,ok,0,0.6559850778546713,0.656531141868512,0.0,0.7375,0
p300,1,version_39,0,temporal_array,96,44,24,0.656531141868512,ok,0,0.6557201557093426,0.656531141868512,0.0,0.9375,0
p300,1,version_39,0,temporal_array,96,45,24,0.656531141868512,ok,0,0.6559418252595155,0.656531141868512,0.0,0.8875,0
p300,1,version_39,0,temporal_array,96,46,24,0.656531141868512,ok,1,0.6360483347750865,0.6360483347750865,-0.020482807093425537,0.6875,24
p300,1,version_39,0,temporal_array,240,42,60,0.652357570239334,ok,0,0.6476554370447449,0.652357570239334,0.0,0.7140000000000001,2
p300,1,version_39,0,temporal_array,240,43,60,0.652357570239334,ok,0,0.6494504422476587,0.652357570239334,0.0,0.624,1
p300,1,version_39,0,temporal_array,240,44,60,0.652357570239334,ok,0,0.6508487252861601,0.652357570239334,0.0,0.9420000000000001,0
p300,1,version_39,0,temporal_array,240,45,60,0.652357570239334,ok,0,0.650822710718002,0.652357570239334,0.0,0.5740000000000001,0
p300,1,version_39,0,temporal_array,240,46,60,0.652357570239334,ok,0,0.6507479188345473,0.652357570239334,0.0,0.698,0
p300,1,version_39,0,temporal_array,480,42,120,0.6496764053254438,ok,1,0.6496902736686391,0.6496902736686391,1.3868343195277966e-05,0.779,23
p300,1,version_39,0,temporal_array,480,43,120,0.6496764053254438,ok,0,0.640056397928994,0.6496764053254438,0.0,0.6555,7
p300,1,version_39,0,temporal_array,480,44,120,0.6496764053254438,ok,1,0.6467732988165681,0.6467732988165681,-0.002903106508875708,0.7065,0
p300,1,version_39,0,temporal_array,480,45,120,0.6496764053254438,ok,1,0.6484791050295858,0.6484791050295858,-0.0011973002958579615,0.78,21
p300,1,version_39,0,temporal_array,480,46,120,0.6496764053254438,ok,1,0.6470876479289941,0.6470876479289941,-0.0025887573964497035,0.7000000000000001,0
p300,2,version_34,0,stratified,24,42,6,0.7401433247371553,ungateable,,,0.7401433247371553,0.0,,
p300,2,version_34,0,stratified,24,43,6,0.7421518547907161,ungateable,,,0.7421518547907161,0.0,,
p300,2,version_34,0,stratified,24,44,6,0.7429899821463994,ungateable,,,0.7429899821463994,0.0,,
p300,2,version_34,0,stratified,24,45,6,0.7402474707399326,ungateable,,,0.7402474707399326,0.0,,
p300,2,version_34,0,stratified,24,46,6,0.7395010910533625,ungateable,,,0.7395010910533625,0.0,,
p300,2,version_34,0,stratified,48,42,12,0.7384030612244897,ok,0,0.7391938775510204,0.7384030612244897,0.0,0.9,0
p300,2,version_34,0,stratified,48,43,12,0.7423928571428571,ok,0,0.7427168367346937,0.7423928571428571,0.0,0.4,0
p300,2,version_34,0,stratified,48,44,12,0.7440586734693877,ok,0,0.7449948979591836,0.7440586734693877,0.0,0.0,0
p300,2,version_34,0,stratified,48,45,12,0.7399362244897959,ok,1,0.7420408163265306,0.7420408163265306,0.002104591836734726,0.8,2
p300,2,version_34,0,stratified,48,46,12,0.7365076530612245,ok,1,0.740140306122449,0.740140306122449,0.003632653061224511,0.9,6
p300,2,version_34,0,stratified,96,42,24,0.7430795847750866,ok,1,0.752203179065744,0.752203179065744,0.009123594290657344,0.7375,11
p300,2,version_34,0,stratified,96,43,24,0.7409466911764706,ok,1,0.7469777249134949,0.7469777249134949,0.006031033737024294,0.725,5
p300,2,version_34,0,stratified,96,44,24,0.7473669982698962,ok,1,0.7530574178200693,0.7530574178200693,0.005690419550173131,0.5,5
p300,2,version_34,0,stratified,96,45,24,0.7386651167820071,ok,1,0.7431958261245675,0.7431958261245675,0.004530709342560391,0.9500000000000001,8
p300,2,version_34,0,stratified,96,46,24,0.739457179930796,ok,0,0.7406277032871972,0.739457179930796,0.0,0.8375,0
p300,2,version_34,0,stratified,240,42,60,0.734813995837669,ok,1,0.7388462539021852,0.7388462539021852,0.0040322580645161255,0.8160000000000001,14
p300,2,version_34,0,stratified,240,43,60,0.7387194328824142,ok,0,0.7434183142559835,0.7387194328824142,0.0,0.672,1
p300,2,version_34,0,stratified,240,44,60,0.7533103537981269,ok,1,0.7549460197710717,0.7549460197710717,0.0016356659729447331,0.806,7
p300,2,version_34,0,stratified,240,45,60,0.7339164932362122,ok,1,0.7375032518210197,0.7375032518210197,0.0035867585848075034,0.8140000000000001,13
p300,2,version_34,0,stratified,240,46,60,0.7385893600416235,ok,1,0.7462490244536939,0.7462490244536939,0.007659664412070444,0.816,6
p300,2,version_34,0,stratified,480,42,120,0.7342363165680472,ok,1,0.7460798816568047,0.7460798816568047,0.011843565088757502,0.804,5
p300,2,version_34,0,stratified,480,43,120,0.7465791420118343,ok,1,0.7568093565088757,0.7568093565088757,0.010230214497041423,0.734,17
p300,2,version_34,0,stratified,480,44,120,0.7563609467455622,ok,0,0.7603504068047336,0.7563609467455622,0.0,0.7464999999999999,0
p300,2,version_34,0,stratified,480,45,120,0.7236501479289941,ok,0,0.727967825443787,0.7236501479289941,0.0,0.7155,0
p300,2,version_34,0,stratified,480,46,120,0.7517936390532545,ok,1,0.7619868713017751,0.7619868713017751,0.010193232248520645,0.64,12
p300,2,version_34,0,temporal_array,24,42,6,0.7402127554056734,ungateable,,,0.7402127554056734,0.0,,
p300,2,version_34,0,temporal_array,24,43,6,0.7402127554056734,ungateable,,,0.7402127554056734,0.0,,
p300,2,version_34,0,temporal_array,24,44,6,0.7402127554056734,ungateable,,,0.7402127554056734,0.0,,
p300,2,version_34,0,temporal_array,24,45,6,0.7402127554056734,ungateable,,,0.7402127554056734,0.0,,
p300,2,version_34,0,temporal_array,24,46,6,0.7402127554056734,ungateable,,,0.7402127554056734,0.0,,
p300,2,version_34,0,temporal_array,48,42,12,0.7413775510204081,ok,0,0.7424795918367348,0.7413775510204081,0.0,0.8,0
p300,2,version_34,0,temporal_array,48,43,12,0.7413775510204081,ok,0,0.7414744897959183,0.7413775510204081,0.0,0.6,0
p300,2,version_34,0,temporal_array,48,44,12,0.7413775510204081,ok,0,0.7424553571428572,0.7413775510204081,0.0,0.75,0
p300,2,version_34,0,temporal_array,48,45,12,0.7413775510204081,ok,0,0.7422933673469387,0.7413775510204081,0.0,0.7999999999999999,0
p300,2,version_34,0,temporal_array,48,46,12,0.7413775510204081,ok,0,0.7415994897959185,0.7413775510204081,0.0,0.6,0
p300,2,version_34,0,temporal_array,96,42,24,0.7408899221453288,ok,1,0.7529438797577855,0.7529438797577855,0.012053957612456756,0.8500000000000001,21
p300,2,version_34,0,temporal_array,96,43,24,0.7408899221453288,ok,1,0.7515138408304498,0.7515138408304498,0.010623918685121025,0.7625,20
p300,2,version_34,0,temporal_array,96,44,24,0.7408899221453288,ok,1,0.7534061418685122,0.7534061418685122,0.012516219723183397,0.825,13
p300,2,version_34,0,temporal_array,96,45,24,0.7408899221453288,ok,0,0.7436716046712801,0.7408899221453288,0.0,0.7999999999999999,1
p300,2,version_34,0,temporal_array,96,46,24,0.7408899221453288,ok,1,0.7531466262975779,0.7531466262975779,0.01225670415224911,0.7,17
p300,2,version_34,0,temporal_array,240,42,60,0.7404428980228929,ok,1,0.7505560613943808,0.7505560613943808,0.010113163371487932,0.738,4
p300,2,version_34,0,temporal_array,240,43,60,0.7404428980228929,ok,1,0.7497723725286161,0.7497723725286161,0.00932947450572319,0.706,4
p300,2,version_34,0,temporal_array,240,44,60,0.7404428980228929,ok,1,0.7538273933402707,0.7538273933402707,0.013384495317377842,0.856,37
p300,2,version_34,0,temporal_array,240,45,60,0.7404428980228929,ok,0,0.7423842351716963,0.7404428980228929,0.0,0.772,0
p300,2,version_34,0,temporal_array,240,46,60,0.7404428980228929,ok,0,0.7477269771071801,0.7404428980228929,0.0,0.754,2
p300,2,version_34,0,temporal_array,480,42,120,0.7385308801775148,ok,1,0.7486177884615385,0.7486177884615385,0.010086908284023699,0.7415,1
p300,2,version_34,0,temporal_array,480,43,120,0.7385308801775148,ok,1,0.7542113535502959,0.7542113535502959,0.015680473372781112,0.75,27
p300,2,version_34,0,temporal_array,480,44,120,0.7385308801775148,ok,1,0.752500924556213,0.752500924556213,0.013970044378698199,0.813,2
p300,2,version_34,0,temporal_array,480,45,120,0.7385308801775148,ok,1,0.7541697485207102,0.7541697485207102,0.01563886834319539,0.7759999999999999,12
p300,2,version_34,0,temporal_array,480,46,120,0.7385308801775148,ok,0,0.7433755547337277,0.7385308801775148,0.0,0.8055,0
p300,3,version_32,0,stratified,24,42,6,0.7419150466177346,ungateable,,,0.7419150466177346,0.0,,
p300,3,version_32,0,stratified,24,43,6,0.740176800238048,ungateable,,,0.740176800238048,0.0,,
p300,3,version_32,0,stratified,24,44,6,0.7416026086094029,ungateable,,,0.7416026086094029,0.0,,
p300,3,version_32,0,stratified,24,45,6,0.7408562289228328,ungateable,,,0.7408562289228328,0.0,,
p300,3,version_32,0,stratified,24,46,6,0.7410694802618527,ungateable,,,0.7410694802618527,0.0,,
p300,3,version_32,0,stratified,48,42,12,0.7422742346938775,ok,1,0.7366760204081634,0.7366760204081634,-0.005598214285714165,0.75,11
p300,3,version_32,0,stratified,48,43,12,0.7416084183673468,ok,0,0.7413137755102042,0.7416084183673468,0.0,1.0,0
p300,3,version_32,0,stratified,48,44,12,0.7411109693877551,ok,0,0.7405637755102042,0.7411109693877551,0.0,0.55,0
p300,3,version_32,0,stratified,48,45,12,0.7397640306122449,ok,0,0.7390561224489797,0.7397640306122449,0.0,1.0,0
p300,3,version_32,0,stratified,48,46,12,0.740858418367347,ok,1,0.7274591836734694,0.7274591836734694,-0.013399234693877604,0.9,13
p300,3,version_32,0,stratified,96,42,24,0.7384231725778547,ok,0,0.7374810769896193,0.7384231725778547,0.0,0.8,0
p300,3,version_32,0,stratified,96,43,24,0.7397775194636679,ok,0,0.7386624134948097,0.7397775194636679,0.0,0.8374999999999999,0
p300,3,version_32,0,stratified,96,44,24,0.7383988429930796,ok,1,0.7365862889273356,0.7365862889273356,-0.0018125540657439876,0.6875,1
p300,3,version_32,0,stratified,96,45,24,0.7406696042387544,ok,0,0.7397869809688582,0.7406696042387544,0.0,0.8875,0
p300,3,version_32,0,stratified,96,46,24,0.7378960315743943,ok,0,0.7368593209342561,0.7378960315743943,0.0,0.825,0
p300,3,version_32,0,stratified,240,42,60,0.7422915582726327,ok,1,0.7303687565036421,0.7303687565036421,-0.011922801768990632,0.75,4
p300,3,version_32,0,stratified,240,43,60,0.7411241545265348,ok,0,0.7387649583766909,0.7411241545265348,0.0,0.716,0
p300,3,version_32,0,stratified,240,44,60,0.7403469693028097,ok,0,0.7386088709677419,0.7403469693028097,0.0,0.696,0
p300,3,version_32,0,stratified,240,45,60,0.7378089229968783,ok,0,0.7360334287200831,0.7378089229968783,0.0,0.734,0
p300,3,version_32,0,stratified,240,46,60,0.737186199271592,ok,1,0.708041753381894,0.708041753381894,-0.029144445889698,0.838,22
p300,3,version_32,0,stratified,480,42,120,0.7441175110946745,ok,1,0.7386788091715977,0.7386788091715977,-0.005438701923076827,0.756,0
p300,3,version_32,0,stratified,480,43,120,0.7420927329881657,ok,0,0.7399223372781064,0.7420927329881657,0.0,0.7509999999999999,0
p300,3,version_32,0,stratified,480,44,120,0.7298238720414202,ok,0,0.726090976331361,0.7298238720414202,0.0,0.654,0
p300,3,version_32,0,stratified,480,45,120,0.752246671597633,ok,0,0.7483496671597634,0.752246671597633,0.0,0.651,0
p300,3,version_32,0,stratified,480,46,120,0.7383806397928994,ok,1,0.7074195636094676,0.7074195636094676,-0.0309610761834318,0.7795000000000001,22
p300,3,version_32,0,temporal_array,24,42,6,0.7442657706804205,ungateable,,,0.7442657706804205,0.0,,
p300,3,version_32,0,temporal_array,24,43,6,0.7442657706804205,ungateable,,,0.7442657706804205,0.0,,
p300,3,version_32,0,temporal_array,24,44,6,0.7442657706804205,ungateable,,,0.7442657706804205,0.0,,
p300,3,version_32,0,temporal_array,24,45,6,0.7442657706804205,ungateable,,,0.7442657706804205,0.0,,
p300,3,version_32,0,temporal_array,24,46,6,0.7442657706804205,ungateable,,,0.7442657706804205,0.0,,
p300,3,version_32,0,temporal_array,48,42,12,0.7427283163265306,ok,1,0.7273520408163265,0.7273520408163265,-0.01537627551020404,0.6,20
p300,3,version_32,0,temporal_array,48,43,12,0.7427283163265306,ok,1,0.7385688775510205,0.7385688775510205,-0.00415943877551006,0.7,7
p300,3,version_32,0,temporal_array,48,44,12,0.7427283163265306,ok,1,0.7338928571428571,0.7338928571428571,-0.008835459183673455,0.75,15
p300,3,version_32,0,temporal_array,48,45,12,0.7427283163265306,ok,1,0.7367346938775509,0.7367346938775509,-0.0059936224489797185,0.9,7
p300,3,version_32,0,temporal_array,48,46,12,0.7427283163265306,ok,0,0.742298469387755,0.7427283163265306,0.0,0.85,0
p300,3,version_32,0,temporal_array,96,42,24,0.7466087262110727,ok,0,0.7455422794117647,0.7466087262110727,0.0,0.5,0
p300,3,version_32,0,temporal_array,96,43,24,0.7466087262110727,ok,0,0.7455341695501732,0.7466087262110727,0.0,0.8125,0
p300,3,version_32,0,temporal_array,96,44,24,0.7466087262110727,ok,0,0.7455152465397923,0.7466087262110727,0.0,0.475,0
p300,3,version_32,0,temporal_array,96,45,24,0.7466087262110727,ok,0,0.7458315311418685,0.7466087262110727,0.0,0.575,0
p300,3,version_32,0,temporal_array,96,46,24,0.7466087262110727,ok,1,0.743014705882353,0.743014705882353,-0.0035940203287196937,0.42500000000000004,2
p300,3,version_32,0,temporal_array,240,42,60,0.7598270031217482,ok,1,0.7450117065556712,0.7450117065556712,-0.014815296566077052,0.662,9
p300,3,version_32,0,temporal_array,240,43,60,0.7598270031217482,ok,1,0.7436199271592092,0.7436199271592092,-0.016207075962539008,0.6220000000000001,28
p300,3,version_32,0,temporal_array,240,44,60,0.7598270031217482,ok,0,0.7441223335067638,0.7598270031217482,0.0,0.6619999999999999,14
p300,3,version_32,0,temporal_array,240,45,60,0.7598270031217482,ok,0,0.75738813735692,0.7598270031217482,0.0,0.6619999999999999,0
p300,3,version_32,0,temporal_array,240,46,60,0.7598270031217482,ok,1,0.7461986212278876,0.7461986212278876,-0.01362838189386062,0.614,6
p300,3,version_32,0,temporal_array,480,42,120,0.8042483357988165,ok,1,0.7999167899408283,0.7999167899408283,-0.004331545857988228,0.6605,0
p300,3,version_32,0,temporal_array,480,43,120,0.8042483357988165,ok,1,0.7702662721893491,0.7702662721893491,-0.03398206360946743,0.557,17
p300,3,version_32,0,temporal_array,480,44,120,0.8042483357988165,ok,1,0.8,0.8,-0.004248335798816449,0.7005,0
p300,3,version_32,0,temporal_array,480,45,120,0.8042483357988165,ok,1,0.7731924926035503,0.7731924926035503,-0.03105584319526622,0.45599999999999996,22
p300,3,version_32,0,temporal_array,480,46,120,0.8042483357988165,ok,0,0.7997873520710058,0.8042483357988165,0.0,0.5905,0
p300,4,version_38,0,stratified,24,42,6,0.7193091648482444,ungateable,,,0.7193091648482444,0.0,,
p300,4,version_38,0,stratified,24,43,6,0.7173055941281491,ungateable,,,0.7173055941281491,0.0,,
p300,4,version_38,0,stratified,24,44,6,0.7151879587383456,ungateable,,,0.7151879587383456,0.0,,
p300,4,version_38,0,stratified,24,45,6,0.7140597103749255,ungateable,,,0.7140597103749255,0.0,,
p300,4,version_38,0,stratified,24,46,6,0.7189992065066455,ungateable,,,0.7189992065066455,0.0,,
p300,4,version_38,0,stratified,48,42,12,0.7179897959183674,ok,0,0.717985969387755,0.7179897959183674,0.0,0.65,0
p300,4,version_38,0,stratified,48,43,12,0.7169362244897959,ok,0,0.7171632653061225,0.7169362244897959,0.0,0.9,0
p300,4,version_38,0,stratified,48,44,12,0.7171607142857144,ok,0,0.7170216836734694,0.7171607142857144,0.0,0.8,0
p300,4,version_38,0,stratified,48,45,12,0.7133035714285716,ok,0,0.7132538265306122,0.7133035714285716,0.0,1.0,0
p300,4,version_38,0,stratified,48,46,12,0.7198494897959185,ok,0,0.7200484693877552,0.7198494897959185,0.0,0.19999999999999996,0
p300,4,version_38,0,stratified,96,42,24,0.7179444204152249,ok,1,0.7173334775086504,0.7173334775086504,-0.0006109429065744854,0.7125,1
p300,4,version_38,0,stratified,96,43,24,0.7168252595155709,ok,0,0.7167225346020761,0.7168252595155709,0.0,0.575,0
p300,4,version_38,0,stratified,96,44,24,0.71965830449827,ok,0,0.7196988538062283,0.71965830449827,0.0,0.625,0
p300,4,version_38,0,stratified,96,45,24,0.709850778546713,ok,0,0.7097764381487888,0.709850778546713,0.0,0.825,0
p300,4,version_38,0,stratified,96,46,24,0.7238538062283737,ok,0,0.7236402465397924,0.7238538062283737,0.0,0.575,0
p300,4,version_38,0,stratified,240,42,60,0.7210327783558793,ok,1,0.7179988293444329,0.7179988293444329,-0.0030339490114463796,0.652,1
p300,4,version_38,0,stratified,240,43,60,0.729942767950052,ok,1,0.6948328563995838,0.6948328563995838,-0.035109911550468165,0.53,8
p300,4,version_38,0,stratified,240,44,60,0.71747203433923,ok,1,0.7175663371488034,0.7175663371488034,9.430280957334336e-05,0.81,0
p300,4,version_38,0,stratified,240,45,60,0.7029949271592092,ok,0,0.7021657127991675,0.7029949271592092,0.0,0.778,0
p300,4,version_38,0,stratified,240,46,60,0.7266844432882414,ok,1,0.7129015998959417,0.7129015998959417,-0.013782843392299737,0.5700000000000001,5
p300,4,version_38,0,stratified,480,42,120,0.7225129437869823,ok,1,0.6657128328402366,0.6657128328402366,-0.05680011094674564,0.6935,41
p300,4,version_38,0,stratified,480,43,120,0.7316660502958581,ok,1,0.7303670488165681,0.7303670488165681,-0.001299001479289963,0.7665,1
p300,4,version_38,0,stratified,480,44,120,0.7345552884615385,ok,0,0.7328217455621302,0.7345552884615385,0.0,0.6995,0
p300,4,version_38,0,stratified,480,45,120,0.7111085428994084,ok,0,0.7102487056213018,0.7111085428994084,0.0,0.7895,0
p300,4,version_38,0,stratified,480,46,120,0.7184032914201183,ok,1,0.7135308801775149,0.7135308801775149,-0.004872411242603403,0.73,1
p300,4,version_38,0,temporal_array,24,42,6,0.7152797064074587,ungateable,,,0.7152797064074587,0.0,,
p300,4,version_38,0,temporal_array,24,43,6,0.7152797064074587,ungateable,,,0.7152797064074587,0.0,,
p300,4,version_38,0,temporal_array,24,44,6,0.7152797064074587,ungateable,,,0.7152797064074587,0.0,,
p300,4,version_38,0,temporal_array,24,45,6,0.7152797064074587,ungateable,,,0.7152797064074587,0.0,,
p300,4,version_38,0,temporal_array,24,46,6,0.7152797064074587,ungateable,,,0.7152797064074587,0.0,,
p300,4,version_38,0,temporal_array,48,42,12,0.7144719387755103,ok,0,0.7143163265306124,0.7144719387755103,0.0,0.65,0
p300,4,version_38,0,temporal_array,48,43,12,0.7144719387755103,ok,0,0.7143469387755103,0.7144719387755103,0.0,0.7999999999999999,0
p300,4,version_38,0,temporal_array,48,44,12,0.7144719387755103,ok,0,0.7142933673469388,0.7144719387755103,0.0,0.9,0
p300,4,version_38,0,temporal_array,48,45,12,0.7144719387755103,ok,0,0.7143698979591837,0.7144719387755103,0.0,0.6000000000000001,0
p300,4,version_38,0,temporal_array,48,46,12,0.7144719387755103,ok,1,0.7083341836734693,0.7083341836734693,-0.006137755102040954,0.8,20
p300,4,version_38,0,temporal_array,96,42,24,0.7114294982698962,ok,0,0.7113092019896193,0.7114294982698962,0.0,0.7374999999999999,0
p300,4,version_38,0,temporal_array,96,43,24,0.7114294982698962,ok,0,0.7113064987024221,0.7114294982698962,0.0,0.9500000000000001,0
p300,4,version_38,0,temporal_array,96,44,24,0.7114294982698962,ok,0,0.7113051470588236,0.7114294982698962,0.0,0.9375,0
p300,4,version_38,0,temporal_array,96,45,24,0.7114294982698962,ok,0,0.7113483996539792,0.7114294982698962,0.0,0.9500000000000001,0
p300,4,version_38,0,temporal_array,96,46,24,0.7114294982698962,ok,0,0.7113078503460208,0.7114294982698962,0.0,0.675,0
p300,4,version_38,0,temporal_array,240,42,60,0.7123601716961498,ok,1,0.7122349765868887,0.7122349765868887,-0.00012519510926112254,0.656,0
p300,4,version_38,0,temporal_array,240,43,60,0.7123601716961498,ok,1,0.7104448491155047,0.7104448491155047,-0.0019153225806451957,0.676,1
p300,4,version_38,0,temporal_array,240,44,60,0.7123601716961498,ok,0,0.7117618366285119,0.7123601716961498,0.0,0.672,0
p300,4,version_38,0,temporal_array,240,45,60,0.7123601716961498,ok,1,0.6859618886576482,0.6859618886576482,-0.02639828303850167,0.834,20
p300,4,version_38,0,temporal_array,240,46,60,0.7123601716961498,ok,1,0.7117293184183142,0.7117293184183142,-0.0006308532778356302,0.804,0
p300,4,version_38,0,temporal_array,480,42,120,0.7107063609467456,ok,0,0.7087416789940829,0.7107063609467456,0.0,0.6905,0
p300,4,version_38,0,temporal_array,480,43,120,0.7107063609467456,ok,1,0.7050064718934911,0.7050064718934911,-0.00569988905325447,0.7055,1
p300,4,version_38,0,temporal_array,480,44,120,0.7107063609467456,ok,1,0.7091623520710059,0.7091623520710059,-0.0015440088757396886,0.8425,0
p300,4,version_38,0,temporal_array,480,45,120,0.7107063609467456,ok,0,0.7090883875739644,0.7107063609467456,0.0,0.6555,0
p300,4,version_38,0,temporal_array,480,46,120,0.7107063609467456,ok,0,0.7095090606508875,0.7107063609467456,0.0,0.6875,0
p300,5,version_36,0,stratified,24,42,6,0.6927271374727236,ungateable,,,0.6927271374727236,0.0,,
p300,5,version_36,0,stratified,24,43,6,0.6928833564768896,ungateable,,,0.6928833564768896,0.0,,
p300,5,version_36,0,stratified,24,44,6,0.694326522515374,ungateable,,,0.694326522515374,0.0,,
p300,5,version_36,0,stratified,24,45,6,0.6979294782781194,ungateable,,,0.6979294782781194,0.0,,
p300,5,version_36,0,stratified,24,46,6,0.6921642531243801,ungateable,,,0.6921642531243801,0.0,,
p300,5,version_36,0,stratified,48,42,12,0.6927397959183674,ok,0,0.6928635204081633,0.6927397959183674,0.0,0.7,0
p300,5,version_36,0,stratified,48,43,12,0.6937448979591836,ok,1,0.6553341836734694,0.6553341836734694,-0.03841071428571419,0.75,23
p300,5,version_36,0,stratified,48,44,12,0.6945612244897958,ok,0,0.6944540816326532,0.6945612244897958,0.0,0.7,0
p300,5,version_36,0,stratified,48,45,12,0.6959770408163266,ok,1,0.6542474489795919,0.6542474489795919,-0.04172959183673475,0.55,32
p300,5,version_36,0,stratified,48,46,12,0.6919668367346938,ok,0,0.6917627551020408,0.6919668367346938,0.0,0.7,0
p300,5,version_36,0,stratified,96,42,24,0.6972804930795848,ok,1,0.696245134083045,0.696245134083045,-0.0010353589965398369,0.7375,2
p300,5,version_36,0,stratified,96,43,24,0.6908682958477509,ok,0,0.6907817906574395,0.6908682958477509,0.0,0.875,0
p300,5,version_36,0,stratified,96,44,24,0.6946177551903115,ok,1,0.6932012326989619,0.6932012326989619,-0.0014165224913496033,0.6625,3
p300,5,version_36,0,stratified,96,45,24,0.6921036980968858,ok,1,0.6849967560553634,0.6849967560553634,-0.007106942041522402,0.9,6
p300,5,version_36,0,stratified,96,46,24,0.6988132569204152,ok,1,0.6907953070934255,0.6907953070934255,-0.008017949826989668,0.7875,8
p300,5,version_36,0,stratified,240,42,60,0.6987740634755463,ok,0,0.6981139438085328,0.6987740634755463,0.0,0.598,0
p300,5,version_36,0,stratified,240,43,60,0.6963612122788762,ok,0,0.6852237252861602,0.6963612122788762,0.0,0.5840000000000001,5
p300,5,version_36,0,stratified,240,44,60,0.6957336108220602,ok,1,0.680199661810614,0.680199661810614,-0.015533949011446224,0.8660000000000001,31
p300,5,version_36,0,stratified,240,45,60,0.6989626690946931,ok,1,0.6962473985431842,0.6962473985431842,-0.002715270551508886,0.592,1
p300,5,version_36,0,stratified,240,46,60,0.7092611862643081,ok,0,0.7088351977107179,0.7092611862643081,0.0,0.5559999999999999,0
p300,5,version_36,0,stratified,480,42,120,0.7109559911242603,ok,0,0.7096223187869822,0.7109559911242603,0.0,0.7175,0
p300,5,version_36,0,stratified,480,43,120,0.7051590236686391,ok,0,0.7045187684911242,0.7051590236686391,0.0,0.653,0
p300,5,version_36,0,stratified,480,44,120,0.6908515162721893,ok,0,0.688641826923077,0.6908515162721893,0.0,0.7215,0
p300,5,version_36,0,stratified,480,45,120,0.6969582100591716,ok,1,0.6613165680473373,0.6613165680473373,-0.035641642011834285,0.7365,11
p300,5,version_36,0,stratified,480,46,120,0.7036288831360946,ok,0,0.7023668639053254,0.7036288831360946,0.0,0.6920000000000001,0
p300,5,version_36,0,temporal_array,24,42,6,0.6932156318190835,ungateable,,,0.6932156318190835,0.0,,
p300,5,version_36,0,temporal_array,24,43,6,0.6932156318190835,ungateable,,,0.6932156318190835,0.0,,
p300,5,version_36,0,temporal_array,24,44,6,0.6932156318190835,ungateable,,,0.6932156318190835,0.0,,
p300,5,version_36,0,temporal_array,24,45,6,0.6932156318190835,ungateable,,,0.6932156318190835,0.0,,
p300,5,version_36,0,temporal_array,24,46,6,0.6932156318190835,ungateable,,,0.6932156318190835,0.0,,
p300,5,version_36,0,temporal_array,48,42,12,0.6963061224489797,ok,1,0.6903928571428571,0.6903928571428571,-0.005913265306122573,0.4,12
p300,5,version_36,0,temporal_array,48,43,12,0.6963061224489797,ok,1,0.6913928571428573,0.6913928571428573,-0.004913265306122461,0.55,17
p300,5,version_36,0,temporal_array,48,44,12,0.6963061224489797,ok,1,0.6768954081632653,0.6768954081632653,-0.019410714285714392,0.6000000000000001,18
p300,5,version_36,0,temporal_array,48,45,12,0.6963061224489797,ok,0,0.6963928571428571,0.6963061224489797,0.0,0.6,0
p300,5,version_36,0,temporal_array,48,46,12,0.6963061224489797,ok,1,0.6916887755102041,0.6916887755102041,-0.0046173469387755794,0.45,19
p300,5,version_36,0,temporal_array,96,42,24,0.6938770544982699,ok,1,0.692064500432526,0.692064500432526,-0.0018125540657438766,0.9249999999999999,4
p300,5,version_36,0,temporal_array,96,43,24,0.6938770544982699,ok,0,0.6925227076124567,0.6938770544982699,0.0,0.875,3
p300,5,version_36,0,temporal_array,96,44,24,0.6938770544982699,ok,1,0.6804363105536332,0.6804363105536332,-0.01344074394463668,0.7875,11
p300,5,version_36,0,temporal_array,96,45,24,0.6938770544982699,ok,1,0.6895355752595157,0.6895355752595157,-0.0043414792387541645,0.65,9
p300,5,version_36,0,temporal_array,96,46,24,0.6938770544982699,ok,1,0.680493079584775,0.680493079584775,-0.013383974913494856,0.7374999999999999,13
p300,5,version_36,0,temporal_array,240,42,60,0.6997008324661811,ok,1,0.6992130593132153,0.6992130593132153,-0.00048777315296577584,0.6420000000000001,0
p300,5,version_36,0,temporal_array,240,43,60,0.6997008324661811,ok,1,0.6891210327783558,0.6891210327783558,-0.010579799687825298,0.62,16
p300,5,version_36,0,temporal_array,240,44,60,0.6997008324661811,ok,0,0.6991090010405828,0.6997008324661811,0.0,0.6699999999999999,0
p300,5,version_36,0,temporal_array,240,45,60,0.6997008324661811,ok,1,0.6992520811654527,0.6992520811654527,-0.00044875130072841163,0.622,0
p300,5,version_36,0,temporal_array,240,46,60,0.6997008324661811,ok,0,0.6989854318418314,0.6997008324661811,0.0,0.522,0
p300,5,version_36,0,temporal_array,480,42,120,0.6948872041420119,ok,0,0.6945913461538462,0.6948872041420119,0.0,0.761,0
p300,5,version_36,0,temporal_array,480,43,120,0.6948872041420119,ok,1,0.6933940458579881,0.6933940458579881,-0.0014931582840237434,0.717,1
p300,5,version_36,0,temporal_array,480,44,120,0.6948872041420119,ok,1,0.6822207840236687,0.6822207840236687,-0.01266642011834318,0.8145,10
p300,5,version_36,0,temporal_array,480,45,120,0.6948872041420119,ok,1,0.6907267011834319,0.6907267011834319,-0.004160502958579948,0.7054999999999999,2
p300,5,version_36,0,temporal_array,480,46,120,0.6948872041420119,ok,0,0.6944942677514793,0.6948872041420119,0.0,0.6595,0
p300,6,version_37,0,stratified,24,42,6,0.5862924023011308,ungateable,,,0.5862924023011308,0.0,,
p300,6,version_37,0,stratified,24,43,6,0.5894886927196985,ungateable,,,0.5894886927196985,0.0,,
p300,6,version_37,0,stratified,24,44,6,0.5914625074390003,ungateable,,,0.5914625074390003,0.0,,
p300,6,version_37,0,stratified,24,45,6,0.5904036897440985,ungateable,,,0.5904036897440985,0.0,,
p300,6,version_37,0,stratified,24,46,6,0.5900714144019044,ungateable,,,0.5900714144019044,0.0,,
p300,6,version_37,0,stratified,48,42,12,0.5881760204081632,ok,0,0.5882423469387755,0.5881760204081632,0.0,0.7999999999999999,0
p300,6,version_37,0,stratified,48,43,12,0.589719387755102,ok,1,0.5890663265306122,0.5890663265306122,-0.000653061224489826,0.8500000000000001,4
p300,6,version_37,0,stratified,48,44,12,0.5919285714285714,ok,1,0.5915076530612245,0.5915076530612245,-0.000420918367346812,0.30000000000000004,2
p300,6,version_37,0,stratified,48,45,12,0.5896836734693878,ok,1,0.5882895408163266,0.5882895408163266,-0.0013941326530612086,0.55,9
p300,6,version_37,0,stratified,48,46,12,0.5932168367346939,ok,0,0.5930816326530612,0.5932168367346939,0.0,0.5,0
p300,6,version_37,0,stratified,96,42,24,0.5862673010380622,ok,0,0.5861794442041522,0.5862673010380622,0.0,0.6,0
p300,6,version_37,0,stratified,96,43,24,0.5886299740484429,ok,1,0.5794225778546713,0.5794225778546713,-0.009207396193771533,0.8250000000000001,18
p300,6,version_37,0,stratified,96,44,24,0.5897193987889274,ok,0,0.5896491133217993,0.5897193987889274,0.0,0.575,0
p300,6,version_37,0,stratified,96,45,24,0.5942690311418686,ok,0,0.5943014705882352,0.5942690311418686,0.0,0.425,0
p300,6,version_37,0,stratified,96,46,24,0.5930606617647058,ok,0,0.5929146842560554,0.5930606617647058,0.0,0.7,2
p300,6,version_37,0,stratified,240,42,60,0.5826905567117585,ok,1,0.5821540062434963,0.5821540062434963,-0.0005365504682621758,0.7640000000000001,1
p300,6,version_37,0,stratified,240,43,60,0.5885600936524453,ok,0,0.589119406867846,0.5885600936524453,0.0,0.642,0
p300,6,version_37,0,stratified,240,44,60,0.5815816857440167,ok,0,0.5814386056191467,0.5815816857440167,0.0,0.66,0
p300,6,version_37,0,stratified,240,45,60,0.5915745317377732,ok,1,0.5884267689906347,0.5884267689906347,-0.0031477627471384606,0.598,4
p300,6,version_37,0,stratified,240,46,60,0.5918379292403747,ok,1,0.5874284599375651,0.5874284599375651,-0.00440946930280961,0.6279999999999999,10
p300,6,version_37,0,stratified,480,42,120,0.5648113905325445,ok,0,0.5646403476331361,0.5648113905325445,0.0,0.7405,0
p300,6,version_37,0,stratified,480,43,120,0.5908561390532545,ok,0,0.5912814349112426,0.5908561390532545,0.0,0.525,0
p300,6,version_37,0,stratified,480,44,120,0.5777967825443787,ok,1,0.5769092085798817,0.5769092085798817,-0.0008875739644970126,0.6705,0
p300,6,version_37,0,stratified,480,45,120,0.5916697485207101,ok,1,0.5890208949704142,0.5890208949704142,-0.002648853550295871,0.587,3
p300,6,version_37,0,stratified,480,46,120,0.600157174556213,ok,1,0.5879992603550296,0.5879992603550296,-0.012157914201183395,0.631,7
p300,6,version_37,0,temporal_array,24,42,6,0.5891936123784963,ungateable,,,0.5891936123784963,0.0,,
p300,6,version_37,0,temporal_array,24,43,6,0.5891936123784963,ungateable,,,0.5891936123784963,0.0,,
p300,6,version_37,0,temporal_array,24,44,6,0.5891936123784963,ungateable,,,0.5891936123784963,0.0,,
p300,6,version_37,0,temporal_array,24,45,6,0.5891936123784963,ungateable,,,0.5891936123784963,0.0,,
p300,6,version_37,0,temporal_array,24,46,6,0.5891936123784963,ungateable,,,0.5891936123784963,0.0,,
p300,6,version_37,0,temporal_array,48,42,12,0.5855076530612245,ok,1,0.5827321428571428,0.5827321428571428,-0.0027755102040817325,0.7999999999999999,13
p300,6,version_37,0,temporal_array,48,43,12,0.5855076530612245,ok,0,0.585454081632653,0.5855076530612245,0.0,0.9,0
p300,6,version_37,0,temporal_array,48,44,12,0.5855076530612245,ok,0,0.5854285714285714,0.5855076530612245,0.0,0.7999999999999999,0
p300,6,version_37,0,temporal_array,48,45,12,0.5855076530612245,ok,0,0.5854897959183674,0.5855076530612245,0.0,0.75,0
p300,6,version_37,0,temporal_array,48,46,12,0.5855076530612245,ok,0,0.5855535714285715,0.5855076530612245,0.0,0.7,0
p300,6,version_37,0,temporal_array,96,42,24,0.5899653979238754,ok,0,0.5898978157439447,0.5899653979238754,0.0,0.42500000000000004,0
p300,6,version_37,0,temporal_array,96,43,24,0.5899653979238754,ok,1,0.5853454801038063,0.5853454801038063,-0.004619917820069097,0.275,11
p300,6,version_37,0,temporal_array,96,44,24,0.5899653979238754,ok,0,0.5898599697231834,0.5899653979238754,0.0,0.525,0
p300,6,version_37,0,temporal_array,96,45,24,0.5899653979238754,ok,1,0.5840884515570934,0.5840884515570934,-0.005876946366781932,0.2,14
p300,6,version_37,0,temporal_array,96,46,24,0.5899653979238754,ok,1,0.5808931660899654,0.5808931660899654,-0.009072231833909927,0.5,18
p300,6,version_37,0,temporal_array,240,42,60,0.5858415712799168,ok,1,0.5804988293444329,0.5804988293444329,-0.005342741935483897,0.58,5
p300,6,version_37,0,temporal_array,240,43,60,0.5858415712799168,ok,1,0.5713384495317377,0.5713384495317377,-0.014503121748179026,0.764,17
p300,6,version_37,0,temporal_array,240,44,60,0.5858415712799168,ok,1,0.5793574401664933,0.5793574401664933,-0.006484131113423497,0.6960000000000001,6
p300,6,version_37,0,temporal_array,240,45,60,0.5858415712799168,ok,1,0.58266941987513,0.58266941987513,-0.0031721514047867716,0.666,3
p300,6,version_37,0,temporal_array,240,46,60,0.5858415712799168,ok,1,0.5718912591050989,0.5718912591050989,-0.013950312174817903,0.6679999999999999,18
p300,6,version_37,0,temporal_array,480,42,120,0.5748289571005918,ok,1,0.5731323964497042,0.5731323964497042,-0.0016965606508876352,0.621,0
p300,6,version_37,0,temporal_array,480,43,120,0.5748289571005918,ok,0,0.5734236316568047,0.5748289571005918,0.0,0.688,0
p300,6,version_37,0,temporal_array,480,44,120,0.5748289571005918,ok,1,0.5661797337278107,0.5661797337278107,-0.008649223372781067,0.645,38
p300,6,version_37,0,temporal_array,480,45,120,0.5748289571005918,ok,0,0.5731555103550297,0.5748289571005918,0.0,0.6935,0
p300,6,version_37,0,temporal_array,480,46,120,0.5748289571005918,ok,0,0.5736362795857988,0.5748289571005918,0.0,0.5425,0
p300,7,version_33,0,stratified,24,42,6,0.7567583316802222,ungateable,,,0.7567583316802222,0.0,,
p300,7,version_33,0,stratified,24,43,6,0.7596124280896647,ungateable,,,0.7596124280896647,0.0,,
p300,7,version_33,0,stratified,24,44,6,0.7561706506645507,ungateable,,,0.7561706506645507,0.0,,
p300,7,version_33,0,stratified,24,45,6,0.7552060603054948,ungateable,,,0.7552060603054948,0.0,,
p300,7,version_33,0,stratified,24,46,6,0.7576212557032335,ungateable,,,0.7576212557032335,0.0,,
p300,7,version_33,0,stratified,48,42,12,0.7574017857142856,ok,1,0.7567244897959182,0.7567244897959182,-0.0006772959183674043,0.9,1
p300,7,version_33,0,stratified,48,43,12,0.7593992346938776,ok,1,0.7567704081632654,0.7567704081632654,-0.0026288265306122494,0.9,11
p300,7,version_33,0,stratified,48,44,12,0.755891581632653,ok,1,0.7491734693877552,0.7491734693877552,-0.0067181122448978225,0.75,6
p300,7,version_33,0,stratified,48,45,12,0.7564426020408165,ok,0,0.7557193877551021,0.7564426020408165,0.0,0.65,0
p300,7,version_33,0,stratified,48,46,12,0.7600548469387756,ok,0,0.7588545918367348,0.7600548469387756,0.0,1.0,0
p300,7,version_33,0,stratified,96,42,24,0.7553052011245674,ok,1,0.7254514489619377,0.7254514489619377,-0.029853752162629754,0.8875,33
p300,7,version_33,0,stratified,96,43,24,0.7561567365916955,ok,0,0.7545442257785467,0.7561567365916955,0.0,0.6375,0
p300,7,version_33,0,stratified,96,44,24,0.7535642841695501,ok,1,0.7403114186851212,0.7403114186851212,-0.013252865484428944,0.7875000000000001,6
p300,7,version_33,0,stratified,96,45,24,0.7590303308823528,ok,1,0.7299889165224913,0.7299889165224913,-0.029041414359861517,0.5875,22
p300,7,version_33,0,stratified,96,46,24,0.7567541630622837,ok,1,0.7296280276816609,0.7296280276816609,-0.027126135380622807,0.75,8
p300,7,version_33,0,stratified,240,42,60,0.7510470863683663,ok,1,0.7225188605619146,0.7225188605619146,-0.028528225806451646,0.718,17
p300,7,version_33,0,stratified,240,43,60,0.7533900234131112,ok,0,0.7458181581685743,0.7533900234131112,0.0,0.75,1
p300,7,version_33,0,stratified,240,44,60,0.758337669094693,ok,1,0.7278030697190426,0.7278030697190426,-0.030534599375650395,0.79,58
p300,7,version_33,0,stratified,240,45,60,0.7618805280957336,ok,0,0.7591311134235172,0.7618805280957336,0.0,0.804,0
p300,7,version_33,0,stratified,240,46,60,0.7609114854318418,ok,1,0.7404428980228928,0.7404428980228928,-0.02046858740894908,0.656,16
p300,7,version_33,0,stratified,480,42,120,0.7352302144970415,ok,0,0.7230907914201185,0.7352302144970415,0.0,0.8594999999999999,0
p300,7,version_33,0,stratified,480,43,120,0.7448340421597632,ok,1,0.736926775147929,0.736926775147929,-0.007907267011834196,0.7669999999999999,0
p300,7,version_33,0,stratified,480,44,120,0.7767843934911243,ok,1,0.7674417529585799,0.7674417529585799,-0.00934264053254441,0.7194999999999999,0
p300,7,version_33,0,stratified,480,45,120,0.769505824704142,ok,1,0.7623520710059171,0.7623520710059171,-0.007153753698224907,0.8205,0
p300,7,version_33,0,stratified,480,46,120,0.7495400332840236,ok,0,0.7439765162721893,0.7495400332840236,0.0,0.6825,0
p300,7,version_33,0,temporal_array,24,42,6,0.7576286947034317,ungateable,,,0.7576286947034317,0.0,,
p300,7,version_33,0,temporal_array,24,43,6,0.7576286947034317,ungateable,,,0.7576286947034317,0.0,,
p300,7,version_33,0,temporal_array,24,44,6,0.7576286947034317,ungateable,,,0.7576286947034317,0.0,,
p300,7,version_33,0,temporal_array,24,45,6,0.7576286947034317,ungateable,,,0.7576286947034317,0.0,,
p300,7,version_33,0,temporal_array,24,46,6,0.7576286947034317,ungateable,,,0.7576286947034317,0.0,,
p300,7,version_33,0,temporal_array,48,42,12,0.7614502551020408,ok,1,0.7601479591836735,0.7601479591836735,-0.00130229591836728,1.0,2
p300,7,version_33,0,temporal_array,48,43,12,0.7614502551020408,ok,1,0.7463418367346939,0.7463418367346939,-0.015108418367346887,0.4,7
p300,7,version_33,0,temporal_array,48,44,12,0.7614502551020408,ok,1,0.7558545918367348,0.7558545918367348,-0.005595663265306028,0.19999999999999996,6
p300,7,version_33,0,temporal_array,48,45,12,0.7614502551020408,ok,0,0.760704081632653,0.7614502551020408,0.0,0.09999999999999998,0
p300,7,version_33,0,temporal_array,48,46,12,0.7614502551020408,ok,0,0.7598507653061224,0.7614502551020408,0.0,0.7,3
p300,7,version_33,0,temporal_array,96,42,24,0.7585383326124566,ok,0,0.7570015138408305,0.7585383326124566,0.0,0.725,1
p300,7,version_33,0,temporal_array,96,43,24,0.7585383326124566,ok,1,0.7458099048442907,0.7458099048442907,-0.012728427768165962,0.825,4
p300,7,version_33,0,temporal_array,96,44,24,0.7585383326124566,ok,1,0.7231482482698962,0.7231482482698962,-0.03539008434256041,0.875,15
p300,7,version_33,0,temporal_array,96,45,24,0.7585383326124566,ok,1,0.746910142733564,0.746910142733564,-0.01162818987889258,0.825,7
p300,7,version_33,0,temporal_array,96,46,24,0.7585383326124566,ok,1,0.7337370242214534,0.7337370242214534,-0.02480130839100325,0.7374999999999999,12
p300,7,version_33,0,temporal_array,240,42,60,0.7522551378772112,ok,1,0.7466782648283039,0.7466782648283039,-0.005576873048907305,0.668,1
p300,7,version_33,0,temporal_array,240,43,60,0.7522551378772112,ok,1,0.7370837669094694,0.7370837669094694,-0.015171370967741793,0.766,4
p300,7,version_33,0,temporal_array,240,44,60,0.7522551378772112,ok,0,0.7500195109261187,0.7522551378772112,0.0,0.7020000000000001,0
p300,7,version_33,0,temporal_array,240,45,60,0.7522551378772112,ok,1,0.7503381893860562,0.7503381893860562,-0.0019169484911549795,0.8780000000000001,0
p300,7,version_33,0,temporal_array,240,46,60,0.7522551378772112,ok,1,0.7383194588969821,0.7383194588969821,-0.013935678980229071,0.7140000000000001,16
p300,7,version_33,0,temporal_array,480,42,120,0.7492857803254437,ok,1,0.7421643860946745,0.7421643860946745,-0.007121394230769185,0.7304999999999999,0
p300,7,version_33,0,temporal_array,480,43,120,0.7492857803254437,ok,1,0.7223742603550296,0.7223742603550296,-0.026911519970414077,0.679,22
p300,7,version_33,0,temporal_array,480,44,120,0.7492857803254437,ok,1,0.7283746301775147,0.7283746301775147,-0.020911150147928992,0.8215,34
p300,7,version_33,0,temporal_array,480,45,120,0.7492857803254437,ok,1,0.7313378328402367,0.7313378328402367,-0.017947947485207005,0.8074999999999999,22
p300,7,version_33,0,temporal_array,480,46,120,0.7492857803254437,ok,1,0.7214681952662721,0.7214681952662721,-0.027817585059171535,0.7489999999999999,13
p300,8,version_35,0,stratified,24,42,6,0.707259224360246,ungateable,,,0.707259224360246,0.0,,
p300,8,version_35,0,stratified,24,43,6,0.7055135389803611,ungateable,,,0.7055135389803611,0.0,,
p300,8,version_35,0,stratified,24,44,6,0.7043406566157508,ungateable,,,0.7043406566157508,0.0,,
p300,8,version_35,0,stratified,24,45,6,0.7024685082324936,ungateable,,,0.7024685082324936,0.0,,
p300,8,version_35,0,stratified,24,46,6,0.7061012199960325,ungateable,,,0.7061012199960325,0.0,,
p300,8,version_35,0,stratified,48,42,12,0.7099732142857144,ok,0,0.7097882653061224,0.7099732142857144,0.0,0.65,0
p300,8,version_35,0,stratified,48,43,12,0.7044017857142857,ok,0,0.7044795918367347,0.7044017857142857,0.0,1.0,0
p300,8,version_35,0,stratified,48,44,12,0.7047920918367346,ok,0,0.7047780612244898,0.7047920918367346,0.0,0.7,0
p300,8,version_35,0,stratified,48,45,12,0.7045025510204082,ok,0,0.7043698979591837,0.7045025510204082,0.0,0.8,0
p300,8,version_35,0,stratified,48,46,12,0.7072793367346938,ok,0,0.7071938775510204,0.7072793367346938,0.0,0.35,0
p300,8,version_35,0,stratified,96,42,24,0.7044698853806228,ok,0,0.7044117647058824,0.7044698853806228,0.0,0.8375,0
p300,8,version_35,0,stratified,96,43,24,0.7004879433391004,ok,0,0.7004041414359862,0.7004879433391004,0.0,0.6875,0
p300,8,version_35,0,stratified,96,44,24,0.7052835748269897,ok,1,0.7037278330449827,0.7037278330449827,-0.001555741782007014,0.8374999999999999,3
p300,8,version_35,0,stratified,96,45,24,0.7045577422145328,ok,0,0.7043901384083046,0.7045577422145328,0.0,0.7,0
p300,8,version_35,0,stratified,96,46,24,0.7064568014705881,ok,1,0.6986970155709342,0.6986970155709342,-0.0077597858996538704,0.9500000000000001,14
p300,8,version_35,0,stratified,240,42,60,0.7065735561914673,ok,0,0.7062890218522372,0.7065735561914673,0.0,0.788,0
p300,8,version_35,0,stratified,240,43,60,0.7054370447450573,ok,1,0.6968717481789802,0.6968717481789802,-0.008565296566077074,0.802,36
p300,8,version_35,0,stratified,240,44,60,0.7047200182101977,ok,0,0.7041558272632674,0.7047200182101977,0.0,0.6759999999999999,0
p300,8,version_35,0,stratified,240,45,60,0.7035607440166493,ok,1,0.6933695369406867,0.6933695369406867,-0.01019120707596255,0.74,6
p300,8,version_35,0,stratified,240,46,60,0.7022811524453694,ok,0,0.7007706815816858,0.7022811524453694,0.0,0.766,1
p300,8,version_35,0,stratified,480,42,120,0.706280048076923,ok,1,0.698751849112426,0.698751849112426,-0.007528198964496968,0.77,3
p300,8,version_35,0,stratified,480,43,120,0.7058663091715977,ok,1,0.6971801035502959,0.6971801035502959,-0.008686205621301735,0.7215,50
p300,8,version_35,0,stratified,480,44,120,0.7021750184911243,ok,1,0.6861986871301775,0.6861986871301775,-0.015976331360946783,0.8140000000000001,28
p300,8,version_35,0,stratified,480,45,120,0.6985392011834319,ok,0,0.6953125,0.6985392011834319,0.0,0.7689999999999999,0
p300,8,version_35,0,stratified,480,46,120,0.6997757951183432,ok,1,0.6905741494082841,0.6905741494082841,-0.009201645710059103,0.7350000000000001,3
p300,8,version_35,0,temporal_array,24,42,6,0.7052804503074788,ungateable,,,0.7052804503074788,0.0,,
p300,8,version_35,0,temporal_array,24,43,6,0.7052804503074788,ungateable,,,0.7052804503074788,0.0,,
p300,8,version_35,0,temporal_array,24,44,6,0.7052804503074788,ungateable,,,0.7052804503074788,0.0,,
p300,8,version_35,0,temporal_array,24,45,6,0.7052804503074788,ungateable,,,0.7052804503074788,0.0,,
p300,8,version_35,0,temporal_array,24,46,6,0.7052804503074788,ungateable,,,0.7052804503074788,0.0,,
p300,8,version_35,0,temporal_array,48,42,12,0.7020293367346939,ok,0,0.7019017857142857,0.7020293367346939,0.0,0.9,0
p300,8,version_35,0,temporal_array,48,43,12,0.7020293367346939,ok,0,0.7020484693877551,0.7020293367346939,0.0,0.9500000000000001,0
p300,8,version_35,0,temporal_array,48,44,12,0.7020293367346939,ok,0,0.7018571428571428,0.7020293367346939,0.0,0.9,0
p300,8,version_35,0,temporal_array,48,45,12,0.7020293367346939,ok,0,0.7019209183673469,0.7020293367346939,0.0,1.0,0
p300,8,version_35,0,temporal_array,48,46,12,0.7020293367346939,ok,0,0.7019438775510204,0.7020293367346939,0.0,0.9,0
p300,8,version_35,0,temporal_array,96,42,24,0.7033507244809689,ok,1,0.7030709342560554,0.7030709342560554,-0.0002797902249135342,0.6625,0
p300,8,version_35,0,temporal_array,96,43,24,0.7033507244809689,ok,1,0.6963181228373703,0.6963181228373703,-0.007032601643598646,0.8375,10
p300,8,version_35,0,temporal_array,96,44,24,0.7033507244809689,ok,1,0.6948799740484428,0.6948799740484428,-0.008470750432526097,0.975,10
p300,8,version_35,0,temporal_array,96,45,24,0.7033507244809689,ok,1,0.696875,0.696875,-0.006475724480968892,0.8875,12
p300,8,version_35,0,temporal_array,96,46,24,0.7033507244809689,ok,1,0.7012867647058822,0.7012867647058822,-0.0020639597750866656,0.8375,3
p300,8,version_35,0,temporal_array,240,42,60,0.7106448361082207,ok,1,0.6891129032258065,0.6891129032258065,-0.021531932882414173,0.756,37
p300,8,version_35,0,temporal_array,240,43,60,0.7106448361082207,ok,0,0.7087864203954215,0.7106448361082207,0.0,0.79,1
p300,8,version_35,0,temporal_array,240,44,60,0.7106448361082207,ok,1,0.7008877471383975,0.7008877471383975,-0.009757088969823191,0.65,6
p300,8,version_35,0,temporal_array,240,45,60,0.7106448361082207,ok,0,0.7100123569198752,0.7106448361082207,0.0,0.6799999999999999,0
p300,8,version_35,0,temporal_array,240,46,60,0.7106448361082207,ok,1,0.6863878772112383,0.6863878772112383,-0.024256958896982428,0.742,34
p300,8,version_35,0,temporal_array,480,42,120,0.7234767936390533,ok,1,0.7033468934911242,0.7033468934911242,-0.020129900147929036,0.7354999999999999,18
p300,8,version_35,0,temporal_array,480,43,120,0.7234767936390533,ok,1,0.7003513313609468,0.7003513313609468,-0.023125462278106412,0.6965,53
p300,8,version_35,0,temporal_array,480,44,120,0.7234767936390533,ok,0,0.7213063979289941,0.7234767936390533,0.0,0.6325,0
p300,8,version_35,0,temporal_array,480,45,120,0.7234767936390533,ok,1,0.703222078402367,0.703222078402367,-0.020254715236686316,0.5965,21
p300,8,version_35,0,temporal_array,480,46,120,0.7234767936390533,ok,1,0.7057923446745561,0.7057923446745561,-0.017684448964497168,0.6709999999999999,45
p300,9,version_40,0,stratified,24,42,6,0.7920973021225947,ungateable,,,0.7920973021225947,0.0,,
p300,9,version_40,0,stratified,24,43,6,0.7953754215433445,ungateable,,,0.7953754215433445,0.0,,
p300,9,version_40,0,stratified,24,44,6,0.7951944058718508,ungateable,,,0.7951944058718508,0.0,,
p300,9,version_40,0,stratified,24,45,6,0.7914997024399921,ungateable,,,0.7914997024399921,0.0,,
p300,9,version_40,0,stratified,24,46,6,0.7932528268200754,ungateable,,,0.7932528268200754,0.0,,
p300,9,version_40,0,stratified,48,42,12,0.7920484693877551,ok,0,0.7914566326530612,0.7920484693877551,0.0,1.0,0
p300,9,version_40,0,stratified,48,43,12,0.795387755102041,ok,1,0.7865688775510205,0.7865688775510205,-0.00881887755102051,0.85,9
p300,9,version_40,0,stratified,48,44,12,0.7933341836734694,ok,1,0.7858698979591837,0.7858698979591837,-0.007464285714285701,0.8500000000000001,7
p300,9,version_40,0,stratified,48,45,12,0.7944770408163266,ok,0,0.7937334183673468,0.7944770408163266,0.0,0.9500000000000001,0
p300,9,version_40,0,stratified,48,46,12,0.7943392857142858,ok,1,0.7908775510204081,0.7908775510204081,-0.0034617346938776716,1.0,4
p300,9,version_40,0,stratified,96,42,24,0.7916360294117648,ok,1,0.7822502162629759,0.7822502162629759,-0.009385813148788946,0.775,6
p300,9,version_40,0,stratified,96,43,24,0.7929876730103805,ok,1,0.7456963667820069,0.7456963667820069,-0.04729130622837363,0.675,42
p300,9,version_40,0,stratified,96,44,24,0.7926443555363323,ok,1,0.7918360726643598,0.7918360726643598,-0.0008082828719724322,0.8625,0
p300,9,version_40,0,stratified,96,45,24,0.7959585856401385,ok,1,0.7891138624567474,0.7891138624567474,-0.006844723183391133,0.7625,4
p300,9,version_40,0,stratified,96,46,24,0.7926984212802768,ok,0,0.7914738321799307,0.7926984212802768,0.0,0.9500000000000001,0
p300,9,version_40,0,stratified,240,42,60,0.7881633714880333,ok,0,0.7853472944849117,0.7881633714880333,0.0,0.9059999999999999,0
p300,9,version_40,0,stratified,240,43,60,0.7920167793964621,ok,1,0.7715400624349636,0.7715400624349636,-0.020476716961498442,0.932,43
p300,9,version_40,0,stratified,240,44,60,0.7928362382934444,ok,0,0.7902217741935486,0.7928362382934444,0.0,0.71,0
p300,9,version_40,0,stratified,240,45,60,0.7955515088449532,ok,0,0.7930004552549427,0.7955515088449532,0.0,0.812,0
p300,9,version_40,0,stratified,240,46,60,0.7958766909469303,ok,1,0.7760470863683664,0.7760470863683664,-0.019829604578563864,0.77,4
p300,9,version_40,0,stratified,480,42,120,0.7929641272189348,ok,0,0.7865338387573965,0.7929641272189348,0.0,0.7765,0
p300,9,version_40,0,stratified,480,43,120,0.8034717085798817,ok,0,0.7978873890532543,0.8034717085798817,0.0,0.7195,0
p300,9,version_40,0,stratified,480,44,120,0.7934680103550297,ok,0,0.7871764053254438,0.7934680103550297,0.0,0.7545,0
p300,9,version_40,0,stratified,480,45,120,0.7944110576923077,ok,0,0.7871579142011834,0.7944110576923077,0.0,0.7705000000000001,0
p300,9,version_40,0,stratified,480,46,120,0.8048215606508876,ok,1,0.799639423076923,0.799639423076923,-0.005182137573964574,0.7484999999999999,0
p300,9,version_40,0,temporal_array,24,42,6,0.7946439198571712,ungateable,,,0.7946439198571712,0.0,,
p300,9,version_40,0,temporal_array,24,43,6,0.7946439198571712,ungateable,,,0.7946439198571712,0.0,,
p300,9,version_40,0,temporal_array,24,44,6,0.7946439198571712,ungateable,,,0.7946439198571712,0.0,,
p300,9,version_40,0,temporal_array,24,45,6,0.7946439198571712,ungateable,,,0.7946439198571712,0.0,,
p300,9,version_40,0,temporal_array,24,46,6,0.7946439198571712,ungateable,,,0.7946439198571712,0.0,,
p300,9,version_40,0,temporal_array,48,42,12,0.7929285714285714,ok,0,0.7925510204081633,0.7929285714285714,0.0,0.9,0
p300,9,version_40,0,temporal_array,48,43,12,0.7929285714285714,ok,0,0.7925956632653061,0.7929285714285714,0.0,0.85,0
p300,9,version_40,0,temporal_array,48,44,12,0.7929285714285714,ok,0,0.7925739795918367,0.7929285714285714,0.0,0.85,0
p300,9,version_40,0,temporal_array,48,45,12,0.7929285714285714,ok,0,0.7923877551020407,0.7929285714285714,0.0,0.9500000000000001,0
p300,9,version_40,0,temporal_array,48,46,12,0.7929285714285714,ok,0,0.7924209183673468,0.7929285714285714,0.0,0.85,0
p300,9,version_40,0,temporal_array,96,42,24,0.787348615916955,ok,0,0.7861726859861591,0.787348615916955,0.0,0.9375,0
p300,9,version_40,0,temporal_array,96,43,24,0.787348615916955,ok,0,0.7861510596885812,0.787348615916955,0.0,0.9375,0
p300,9,version_40,0,temporal_array,96,44,24,0.787348615916955,ok,0,0.7860807742214533,0.787348615916955,0.0,0.8500000000000001,0
p300,9,version_40,0,temporal_array,96,45,24,0.787348615916955,ok,0,0.7864727508650519,0.787348615916955,0.0,0.7375,0
p300,9,version_40,0,temporal_array,96,46,24,0.787348615916955,ok,0,0.7860753676470588,0.787348615916955,0.0,0.7875,0
p300,9,version_40,0,temporal_array,240,42,60,0.7870414932362123,ok,0,0.7848042403746097,0.7870414932362123,0.0,0.8160000000000001,0
p300,9,version_40,0,temporal_array,240,43,60,0.7870414932362123,ok,1,0.7690361602497399,0.7690361602497399,-0.018005332986472444,0.8440000000000001,27
p300,9,version_40,0,temporal_array,240,44,60,0.7870414932362123,ok,0,0.7847099375650365,0.7870414932362123,0.0,0.9179999999999999,0
p300,9,version_40,0,temporal_array,240,45,60,0.7870414932362123,ok,0,0.7848237513007285,0.7870414932362123,0.0,0.804,0
p300,9,version_40,0,temporal_array,240,46,60,0.7870414932362123,ok,0,0.78494406867846,0.7870414932362123,0.0,0.742,0
p300,9,version_40,0,temporal_array,480,42,120,0.7788369082840237,ok,1,0.7734328772189349,0.7734328772189349,-0.005404031065088799,0.8959999999999999,0
p300,9,version_40,0,temporal_array,480,43,120,0.7788369082840237,ok,0,0.774163276627219,0.7788369082840237,0.0,0.866,0
p300,9,version_40,0,temporal_array,480,44,120,0.7788369082840237,ok,0,0.7731924926035503,0.7788369082840237,0.0,0.8555,0
p300,9,version_40,0,temporal_array,480,45,120,0.7788369082840237,ok,0,0.7734282544378699,0.7788369082840237,0.0,0.8130000000000001,0
p300,9,version_40,0,temporal_array,480,46,120,0.7788369082840237,ok,0,0.773335798816568,0.7788369082840237,0.0,0.8714999999999999,0
p300,10,version_31,0,stratified,24,42,6,0.7468681809164848,ungateable,,,0.7468681809164848,0.0,,
p300,10,version_31,0,stratified,24,43,6,0.7470739932553064,ungateable,,,0.7470739932553064,0.0,,
p300,10,version_31,0,stratified,24,44,6,0.7466946042451895,ungateable,,,0.7466946042451895,0.0,,
p300,10,version_31,0,stratified,24,45,6,0.7482915096211069,ungateable,,,0.7482915096211069,0.0,,
p300,10,version_31,0,stratified,24,46,6,0.7490180519738147,ungateable,,,0.7490180519738147,0.0,,
p300,10,version_31,0,stratified,48,42,12,0.7462704081632652,ok,0,0.7456084183673469,0.7462704081632652,0.0,0.55,0
p300,10,version_31,0,stratified,48,43,12,0.7488214285714286,ok,0,0.7485969387755101,0.7488214285714286,0.0,0.75,0
p300,10,version_31,0,stratified,48,44,12,0.7479795918367348,ok,0,0.7471262755102042,0.7479795918367348,0.0,0.8500000000000001,0
p300,10,version_31,0,stratified,48,45,12,0.7488826530612245,ok,1,0.7272831632653061,0.7272831632653061,-0.021599489795918414,0.6,15
p300,10,version_31,0,stratified,48,46,12,0.7500127551020408,ok,1,0.7490637755102041,0.7490637755102041,-0.0009489795918367072,0.7,0
p300,10,version_31,0,stratified,96,42,24,0.7462532439446367,ok,0,0.744844831314879,0.7462532439446367,0.0,0.8374999999999999,0
p300,10,version_31,0,stratified,96,43,24,0.7508190960207612,ok,0,0.7492863321799308,0.7508190960207612,0.0,0.675,0
p300,10,version_31,0,stratified,96,44,24,0.7447015570934257,ok,1,0.7075989403114186,0.7075989403114186,-0.0371026167820071,0.9,12
p300,10,version_31,0,stratified,96,45,24,0.7470317906574394,ok,1,0.7458612673010381,0.7458612673010381,-0.0011705233564013318,0.6625,0
p300,10,version_31,0,stratified,96,46,24,0.7509218209342562,ok,0,0.7495742322664359,0.7509218209342562,0.0,0.6000000000000001,0
p300,10,version_31,0,stratified,240,42,60,0.7466928980228928,ok,0,0.7433955515088451,0.7466928980228928,0.0,0.7480000000000001,0
p300,10,version_31,0,stratified,240,43,60,0.747385535900104,ok,0,0.7449759365244537,0.747385535900104,0.0,0.788,0
p300,10,version_31,0,stratified,240,44,60,0.7526990114464099,ok,0,0.75,0.7526990114464099,0.0,0.736,0
p300,10,version_31,0,stratified,240,45,60,0.7405502081165452,ok,0,0.7371634365244537,0.7405502081165452,0.0,0.8760000000000001,0
p300,10,version_31,0,stratified,240,46,60,0.7496260405827264,ok,1,0.7470115764828305,0.7470115764828305,-0.0026144640998959634,0.8180000000000001,0
p300,10,version_31,0,stratified,480,42,120,0.7434402736686391,ok,0,0.7237657174556213,0.7434402736686391,0.0,0.7454999999999999,1
p300,10,version_31,0,stratified,480,43,120,0.7469027366863905,ok,0,0.7425688794378698,0.7469027366863905,0.0,0.6885,0
p300,10,version_31,0,stratified,480,44,120,0.7530602810650888,ok,0,0.7480769230769231,0.7530602810650888,0.0,0.8160000000000001,0
p300,10,version_31,0,stratified,480,45,120,0.7345414201183432,ok,0,0.7278522559171597,0.7345414201183432,0.0,0.8385,0
p300,10,version_31,0,stratified,480,46,120,0.7418916420118344,ok,0,0.735470599112426,0.7418916420118344,0.0,0.7849999999999999,0
p300,10,version_31,0,temporal_array,24,42,6,0.744088474509026,ungateable,,,0.744088474509026,0.0,,
p300,10,version_31,0,temporal_array,24,43,6,0.744088474509026,ungateable,,,0.744088474509026,0.0,,
p300,10,version_31,0,temporal_array,24,44,6,0.744088474509026,ungateable,,,0.744088474509026,0.0,,
p300,10,version_31,0,temporal_array,24,45,6,0.744088474509026,ungateable,,,0.744088474509026,0.0,,
p300,10,version_31,0,temporal_array,24,46,6,0.744088474509026,ungateable,,,0.744088474509026,0.0,,
p300,10,version_31,0,temporal_array,48,42,12,0.7422576530612245,ok,1,0.7173163265306124,0.7173163265306124,-0.024941326530612096,0.9,19
p300,10,version_31,0,temporal_array,48,43,12,0.7422576530612245,ok,0,0.7418061224489797,0.7422576530612245,0.0,0.85,0
p300,10,version_31,0,temporal_array,48,44,12,0.7422576530612245,ok,0,0.7411250000000001,0.7422576530612245,0.0,0.9,0
p300,10,version_31,0,temporal_array,48,45,12,0.7422576530612245,ok,0,0.7413826530612245,0.7422576530612245,0.0,0.9,0
p300,10,version_31,0,temporal_array,48,46,12,0.7422576530612245,ok,1,0.7290433673469386,0.7290433673469386,-0.013214285714285845,1.0,13
p300,10,version_31,0,temporal_array,96,42,24,0.7391030493079584,ok,1,0.73407223183391,0.73407223183391,-0.005030817474048432,0.825,2
p300,10,version_31,0,temporal_array,96,43,24,0.7391030493079584,ok,0,0.7377013948961938,0.7391030493079584,0.0,1.0,0
p300,10,version_31,0,temporal_array,96,44,24,0.7391030493079584,ok,1,0.6987943339100346,0.6987943339100346,-0.0403087153979238,1.0,15
p300,10,version_31,0,temporal_array,96,45,24,0.7391030493079584,ok,1,0.7084721020761245,0.7084721020761245,-0.030630947231833905,0.9750000000000001,13
p300,10,version_31,0,temporal_array,96,46,24,0.7391030493079584,ok,1,0.705609320934256,0.705609320934256,-0.03349372837370246,0.95,12
p300,10,version_31,0,temporal_array,240,42,60,0.736121227887617,ok,0,0.7332986472424556,0.736121227887617,0.0,0.75,0
p300,10,version_31,0,temporal_array,240,43,60,0.736121227887617,ok,1,0.7289672216441208,0.7289672216441208,-0.007154006243496269,0.788,1
p300,10,version_31,0,temporal_array,240,44,60,0.736121227887617,ok,1,0.6905128121748179,0.6905128121748179,-0.045608415712799166,0.862,8
p300,10,version_31,0,temporal_array,240,45,60,0.736121227887617,ok,1,0.7331067898022893,0.7331067898022893,-0.003014438085327753,0.8140000000000001,0
p300,10,version_31,0,temporal_array,240,46,60,0.736121227887617,ok,0,0.7331702003121748,0.736121227887617,0.0,0.8740000000000001,0
p300,10,version_31,0,temporal_array,480,42,120,0.7402875369822486,ok,0,0.7339358357988166,0.7402875369822486,0.0,0.7819999999999999,0
p300,10,version_31,0,temporal_array,480,43,120,0.7402875369822486,ok,0,0.7342594304733727,0.7402875369822486,0.0,0.711,0
p300,10,version_31,0,temporal_array,480,44,120,0.7402875369822486,ok,1,0.7335151627218934,0.7335151627218934,-0.006772374260355152,0.817,0
p300,10,version_31,0,temporal_array,480,45,120,0.7402875369822486,ok,0,0.7334088387573965,0.7402875369822486,0.0,0.7355,0
p300,10,version_31,0,temporal_array,480,46,120,0.7402875369822486,ok,0,0.733441198224852,0.7402875369822486,0.0,0.7999999999999999,0
